Breed Type;Sub Breed;Breed Group;Breed
Ancient and Spitz;Ancient and Spitz;Ancient and Spitz;Ainu Dog
Ancient and Spitz;Ancient and Spitz;Ancient and Spitz;Ainu Dog Mix
Ancient and Spitz;Ancient and Spitz;Ancient and Spitz;Akita
Ancient and Spitz;Ancient and Spitz;Ancient and Spitz;Akita Mix
Ancient and Spitz;Ancient and Spitz;Ancient and Spitz;Alaskan Husky
Ancient and Spitz;Ancient and Spitz;Ancient and Spitz;Alaskan Husky Mix
Ancient and Spitz;Ancient and Spitz;Ancient and Spitz;Alaskan Klee Kai
Ancient and Spitz;Ancient and Spitz;Ancient and Spitz;Alaskan Klee Kai Mix
Ancient and Spitz;Ancient and Spitz;Ancient and Spitz;Alaskan Malamute
Ancient and Spitz;Ancient and Spitz;Ancient and Spitz;Alaskan Malamute Mix
Ancient and Spitz;Ancient and Spitz;Ancient and Spitz;American Eskimo Dog
Ancient and Spitz;Ancient and Spitz;Ancient and Spitz;American Eskimo Dog Mix
Ancient and Spitz;Ancient and Spitz;Ancient and Spitz;American Eskimo Dog - miniature
Ancient and Spitz;Ancient and Spitz;Ancient and Spitz;American Eskimo Dog - miniature Mix
Ancient and Spitz;Ancient and Spitz;Ancient and Spitz;American Eskimo Mix
Ancient and Spitz;Ancient and Spitz;Ancient and Spitz;American Indian Dog
Ancient and Spitz;Ancient and Spitz;Ancient and Spitz;American Indian Dog Mix
Ancient and Spitz;Ancient and Spitz;Ancient and Spitz;Basenji
Ancient and Spitz;Ancient and Spitz;Ancient and Spitz;Basenji Mix
Ancient and Spitz;Ancient and Spitz;Ancient and Spitz;Canadian Eskimo Dog
Ancient and Spitz;Ancient and Spitz;Ancient and Spitz;Canadian Eskimo Dog Mix
Ancient and Spitz;Ancient and Spitz;Ancient and Spitz;Chinese Chongqing Dog
Ancient and Spitz;Ancient and Spitz;Ancient and Spitz;Chinese Chongqing Dog Mix
Ancient and Spitz;Ancient and Spitz;Ancient and Spitz;Chow Chow
Ancient and Spitz;Ancient and Spitz;Ancient and Spitz;Chow Chow Mix
Ancient and Spitz;Ancient and Spitz;Ancient and Spitz;Coton De Tulear
Ancient and Spitz;Ancient and Spitz;Ancient and Spitz;Coton De Tulear Mix
Ancient and Spitz;Ancient and Spitz;Ancient and Spitz;Eskimo Dog
Ancient and Spitz;Ancient and Spitz;Ancient and Spitz;Eskimo Dog Mix
Ancient and Spitz;Ancient and Spitz;Ancient and Spitz;Eurasier
Ancient and Spitz;Ancient and Spitz;Ancient and Spitz;Eurasier Mix
Ancient and Spitz;Ancient and Spitz;Ancient and Spitz;Finnish Lapphund
Ancient and Spitz;Ancient and Spitz;Ancient and Spitz;Finnish Lapphund Mix
Ancient and Spitz;Ancient and Spitz;Ancient and Spitz;Finnish Spitz
Ancient and Spitz;Ancient and Spitz;Ancient and Spitz;Finnish Spitz Mix
Ancient and Spitz;Ancient and Spitz;Ancient and Spitz;Finish Spitz
Ancient and Spitz;Ancient and Spitz;Ancient and Spitz;Finish Spitz Mix
Ancient and Spitz;Ancient and Spitz;Ancient and Spitz;Formosan Mountain Dog
Ancient and Spitz;Ancient and Spitz;Ancient and Spitz;Formosan Mountain Dog Mix
Ancient and Spitz;Ancient and Spitz;Ancient and Spitz;German Spitz
Ancient and Spitz;Ancient and Spitz;Ancient and Spitz;German Spitz Mix
Ancient and Spitz;Ancient and Spitz;Ancient and Spitz;Greenland Dog
Ancient and Spitz;Ancient and Spitz;Ancient and Spitz;Greenland Dog Mix
Ancient and Spitz;Ancient and Spitz;Ancient and Spitz;Icelandic Sheepdog
Ancient and Spitz;Ancient and Spitz;Ancient and Spitz;Icelandic Sheepdog Mix
Ancient and Spitz;Ancient and Spitz;Ancient and Spitz;Indian Pariah Dog
Ancient and Spitz;Ancient and Spitz;Ancient and Spitz;Indian Pariah Dog Mix
Ancient and Spitz;Ancient and Spitz;Ancient and Spitz;Indian Pariah
Ancient and Spitz;Ancient and Spitz;Ancient and Spitz;Indian Pariah Mix
Ancient and Spitz;Ancient and Spitz;Ancient and Spitz;Japanese Spitz
Ancient and Spitz;Ancient and Spitz;Ancient and Spitz;Japanese Spitz Mix
Ancient and Spitz;Ancient and Spitz;Ancient and Spitz;Jindo
Ancient and Spitz;Ancient and Spitz;Ancient and Spitz;Jindo Mix
Ancient and Spitz;Ancient and Spitz;Ancient and Spitz;Kai Dog
Ancient and Spitz;Ancient and Spitz;Ancient and Spitz;Kai Dog Mix
Ancient and Spitz;Ancient and Spitz;Ancient and Spitz;Keeshond
Ancient and Spitz;Ancient and Spitz;Ancient and Spitz;Keeshond Mix
Ancient and Spitz;Ancient and Spitz;Ancient and Spitz;Kishu Inu
Ancient and Spitz;Ancient and Spitz;Ancient and Spitz;Kishu Inu Mix
Ancient and Spitz;Ancient and Spitz;Ancient and Spitz;Korean Jindo
Ancient and Spitz;Ancient and Spitz;Ancient and Spitz;Korean Jindo Mix
Ancient and Spitz;Ancient and Spitz;Ancient and Spitz;Lapinporokoira
Ancient and Spitz;Ancient and Spitz;Ancient and Spitz;Lapinporokoira Mix
Ancient and Spitz;Ancient and Spitz;Ancient and Spitz;Malamute Husky
Ancient and Spitz;Ancient and Spitz;Ancient and Spitz;Malamute Husky Mix
Ancient and Spitz;Ancient and Spitz;Ancient and Spitz;Malamute Mix
Ancient and Spitz;Ancient and Spitz;Ancient and Spitz;Native American Indian Dog
Ancient and Spitz;Ancient and Spitz;Ancient and Spitz;Native American Indian Dog Mix
Ancient and Spitz;Ancient and Spitz;Ancient and Spitz;Northern Inuit Dog
Ancient and Spitz;Ancient and Spitz;Ancient and Spitz;Northern Inuit Dog Mix
Ancient and Spitz;Ancient and Spitz;Ancient and Spitz;Norwegian Elkhound
Ancient and Spitz;Ancient and Spitz;Ancient and Spitz;Norwegian Elkhound Mix
Ancient and Spitz;Ancient and Spitz;Ancient and Spitz;Ori Pei
Ancient and Spitz;Ancient and Spitz;Ancient and Spitz;Ori Pei Mix
Ancient and Spitz;Ancient and Spitz;Ancient and Spitz;Pomeranian
Ancient and Spitz;Ancient and Spitz;Ancient and Spitz;Pomeranian Mix
Ancient and Spitz;Ancient and Spitz;Ancient and Spitz;Samoyed
Ancient and Spitz;Ancient and Spitz;Ancient and Spitz;Samoyed Mix
Ancient and Spitz;Ancient and Spitz;Ancient and Spitz;Shar-pei
Ancient and Spitz;Ancient and Spitz;Ancient and Spitz;Shar-pei Mix
Ancient and Spitz;Ancient and Spitz;Ancient and Spitz;Chinese Shar-Pei
Ancient and Spitz;Ancient and Spitz;Ancient and Spitz;Chinese Shar-Pei Mix
Ancient and Spitz;Ancient and Spitz;Ancient and Spitz;Shiba Inu
Ancient and Spitz;Ancient and Spitz;Ancient and Spitz;Shiba Inu Mix
Ancient and Spitz;Ancient and Spitz;Ancient and Spitz;Shikoku
Ancient and Spitz;Ancient and Spitz;Ancient and Spitz;Shikoku Mix
Ancient and Spitz;Ancient and Spitz;Ancient and Spitz;Siberian Husky
Ancient and Spitz;Ancient and Spitz;Ancient and Spitz;Siberian Husky Mix
Ancient and Spitz;Ancient and Spitz;Ancient and Spitz;Spitz
Ancient and Spitz;Ancient and Spitz;Ancient and Spitz;Spitz Mix
Ancient and Spitz;Ancient and Spitz;Ancient and Spitz;Swedish Elkhound
Ancient and Spitz;Ancient and Spitz;Ancient and Spitz;Swedish Elkhound Mix
Ancient and Spitz;Ancient and Spitz;Ancient and Spitz;Swedish Lapphund
Ancient and Spitz;Ancient and Spitz;Ancient and Spitz;Swedish Lapphund Mix
Ancient and Spitz;Ancient and Spitz;Ancient and Spitz;Swedish Vallhund
Ancient and Spitz;Ancient and Spitz;Ancient and Spitz;Swedish Vallhund Mix
Ancient and Spitz;Ancient and Spitz;Ancient and Spitz;Taiwanese Native Dog
Ancient and Spitz;Ancient and Spitz;Ancient and Spitz;Taiwanese Native Dog Mix
Ancient and Spitz;Ancient and Spitz;Ancient and Spitz;Taiwan Dog
Ancient and Spitz;Ancient and Spitz;Ancient and Spitz;Taiwan Dog Mix
Ancient and Spitz;Ancient and Spitz;Ancient and Spitz;Tibetan Mastiff
Ancient and Spitz;Ancient and Spitz;Ancient and Spitz;Tibetan Mastiff Mix
Ancient and Spitz;Ancient and Spitz;Ancient and Spitz;Volpino Italiano
Ancient and Spitz;Ancient and Spitz;Ancient and Spitz;Volpino Italiano Mix
Herding dogs;Australian;Australian-like;Australian Cattle Dog
Herding dogs;Australian;Australian-like;Australian Cattle Dog Mix
Herding dogs;Australian;Australian-like;Australian Stumpy Tail Cattle Dog
Herding dogs;Australian;Australian-like;Australian Stumpy Tail Cattle Dog Mix
Herding dogs;Australian;Australian-like;Australian Shepherd
Herding dogs;Australian;Australian-like;Australian Shepherd Mix
Herding dogs;Australian;Australian-like;Australian Shepherd - miniature
Herding dogs;Australian;Australian-like;Australian Shepherd - miniature Mix
Herding dogs;Australian;Australian-like;Miniature American Shepherd
Herding dogs;Australian;Australian-like;Miniature American Shepherd Mix
Herding dogs;Australian;Australian-like;Blue Heeler
Herding dogs;Australian;Australian-like;Blue Heeler Mix
Herding dogs;Australian;Australian-like;Koolie
Herding dogs;Australian;Australian-like;Koolie Mix
Herding dogs;Australian;Australian-like;Queensland Heeler
Herding dogs;Australian;Australian-like;Queensland Heeler Mix
Herding dogs;Collie, Corgi, Sheepdog;Australian-like;Australian Kelpie
Herding dogs;Collie, Corgi, Sheepdog;Australian-like;Australian Kelpie Mix
Herding dogs;Collie, Corgi, Sheepdog;Australian-like;Bearded Collie
Herding dogs;Collie, Corgi, Sheepdog;Australian-like;Bearded Collie Mix
Herding dogs;Collie, Corgi, Sheepdog;Australian-like;Border Collie
Herding dogs;Collie, Corgi, Sheepdog;Australian-like;Border Collie Mix
Herding dogs;Collie, Corgi, Sheepdog;Australian-like;Collie
Herding dogs;Collie, Corgi, Sheepdog;Australian-like;Collie Mix
Herding dogs;Collie, Corgi, Sheepdog;Australian-like;Collie smooth-coated
Herding dogs;Collie, Corgi, Sheepdog;Australian-like;Collie smooth-coated Mix
Herding dogs;Collie, Corgi, Sheepdog;Australian-like;Kelpie
Herding dogs;Collie, Corgi, Sheepdog;Australian-like;Kelpie Mix
Herding dogs;Collie, Corgi, Sheepdog;Australian-like;Nova Scotia Duck Tolling Retriever
Herding dogs;Collie, Corgi, Sheepdog;Australian-like;Nova Scotia Duck Tolling Retriever Mix
Herding dogs;Collie, Corgi, Sheepdog;Australian-like;Old English Sheepdog
Herding dogs;Collie, Corgi, Sheepdog;Australian-like;Old English Sheepdog Mix
Herding dogs;Collie, Corgi, Sheepdog;Australian-like;Rough Collie
Herding dogs;Collie, Corgi, Sheepdog;Australian-like;Rough Collie Mix
Herding dogs;Collie, Corgi, Sheepdog;Australian-like;Smooth Collie
Herding dogs;Collie, Corgi, Sheepdog;Australian-like;Smooth Collie Mix
Herding dogs;Collie, Corgi, Sheepdog;Herding dogs - Other;Cardigan Welsh Corgi
Herding dogs;Collie, Corgi, Sheepdog;Herding dogs - Other;Cardigan Welsh Corgi Mix
Herding dogs;Collie, Corgi, Sheepdog;Herding dogs - Other;Corgi
Herding dogs;Collie, Corgi, Sheepdog;Herding dogs - Other;Corgi Mix
Herding dogs;Collie, Corgi, Sheepdog;Herding dogs - Other;Dorgie
Herding dogs;Collie, Corgi, Sheepdog;Herding dogs - Other;Dorgie Mix
Herding dogs;Collie, Corgi, Sheepdog;Herding dogs - Other;English Shepherd
Herding dogs;Collie, Corgi, Sheepdog;Herding dogs - Other;English Shepherd Mix
Herding dogs;Collie, Corgi, Sheepdog;Herding dogs - Other;English Shepard
Herding dogs;Collie, Corgi, Sheepdog;Herding dogs - Other;English Shepard Mix
Herding dogs;Collie, Corgi, Sheepdog;Herding dogs - Other;Lancashire Heeler
Herding dogs;Collie, Corgi, Sheepdog;Herding dogs - Other;Lancashire Heeler Mix
Herding dogs;Collie, Corgi, Sheepdog;Herding dogs - Other;New Zealand Huntaway (Sheepdog)
Herding dogs;Collie, Corgi, Sheepdog;Herding dogs - Other;New Zealand Huntaway (Sheepdog) Mix
Herding dogs;Collie, Corgi, Sheepdog;Herding dogs - Other;Pembroke Welsh Corgi
Herding dogs;Collie, Corgi, Sheepdog;Herding dogs - Other;Pembroke Welsh Corgi Mix
Herding dogs;Collie, Corgi, Sheepdog;Herding dogs - Other;Shetland Sheepdog
Herding dogs;Collie, Corgi, Sheepdog;Herding dogs - Other;Shetland Sheepdog Mix
Herding dogs;Collie, Corgi, Sheepdog;Herding dogs - Other;Welsh Corgi
Herding dogs;Collie, Corgi, Sheepdog;Herding dogs - Other;Welsh Corgi Mix
Herding dogs;Collie, Corgi, Sheepdog;Herding dogs - Other;Welsh Corgi - Cardigan
Herding dogs;Collie, Corgi, Sheepdog;Herding dogs - Other;Welsh Corgi - Cardigan Mix
Herding dogs;Collie, Corgi, Sheepdog;Herding dogs - Other;Welsh Corgi - Pembroke
Herding dogs;Collie, Corgi, Sheepdog;Herding dogs - Other;Welsh Corgi - Pembroke Mix
Herding dogs;Herding-other;Herding dogs - Other;Aidi
Herding dogs;Herding-other;Herding dogs - Other;Aidi Mix
Herding dogs;Herding-other;Herding dogs - Other;Canaan Dog
Herding dogs;Herding-other;Herding dogs - Other;Canaan Dog Mix
Herding dogs;Herding-other;Herding dogs - Other;Dutch Sheepdog
Herding dogs;Herding-other;Herding dogs - Other;Dutch Sheepdog Mix
Herding dogs;Herding-other;Herding dogs - Other;Hungarian Puli
Herding dogs;Herding-other;Herding dogs - Other;Hungarian Puli Mix
Herding dogs;Herding-other;Herding dogs - Other;Hungarian Pumi
Herding dogs;Herding-other;Herding dogs - Other;Hungarian Pumi Mix
Herding dogs;Herding-other;Herding dogs - Other;Hungarian Sheepdog
Herding dogs;Herding-other;Herding dogs - Other;Hungarian Sheepdog Mix
Herding dogs;Herding-other;Herding dogs - Other;Komondor
Herding dogs;Herding-other;Herding dogs - Other;Komondor Mix
Herding dogs;Herding-other;Herding dogs - Other;Maremma Sheepdog
Herding dogs;Herding-other;Herding dogs - Other;Maremma Sheepdog Mix
Herding dogs;Herding-other;Herding dogs - Other;Mioritic Sheepdog
Herding dogs;Herding-other;Herding dogs - Other;Mioritic Sheepdog Mix
Herding dogs;Herding-other;Herding dogs - Other;Mudi
Herding dogs;Herding-other;Herding dogs - Other;Mudi Mix
Herding dogs;Herding-other;Herding dogs - Other;Norwegian Buhund
Herding dogs;Herding-other;Herding dogs - Other;Norwegian Buhund Mix
Herding dogs;Herding-other;Herding dogs - Other;Polish Lowland Sheepdog
Herding dogs;Herding-other;Herding dogs - Other;Polish Lowland Sheepdog Mix
Herding dogs;Herding-other;Herding dogs - Other;Polish Tatra Sheepdog
Herding dogs;Herding-other;Herding dogs - Other;Polish Tatra Sheepdog Mix
Herding dogs;Herding-other;Herding dogs - Other;Puli
Herding dogs;Herding-other;Herding dogs - Other;Puli Mix
Herding dogs;Herding-other;Herding dogs - Other;Pumi
Herding dogs;Herding-other;Herding dogs - Other;Pumi Mix
Herding dogs;Herding-other;Herding dogs - Other;Schapendoes
Herding dogs;Herding-other;Herding dogs - Other;Schapendoes Mix
Herding dogs;Herding-other;Herding dogs - Other;Tibetan Kyiapso
Herding dogs;Herding-other;Herding dogs - Other;Tibetan Kyiapso Mix
Herding dogs;Sight Hounds;Herding dogs - Other;Afghan Hound
Herding dogs;Sight Hounds;Herding dogs - Other;Afghan Hound Mix
Herding dogs;Sight Hounds;Herding dogs - Other;Akbash Dog
Herding dogs;Sight Hounds;Herding dogs - Other;Akbash Dog Mix
Herding dogs;Sight Hounds;Herding dogs - Other;Akbash
Herding dogs;Sight Hounds;Herding dogs - Other;Akbash Mix
Herding dogs;Sight Hounds;Herding dogs - Other;American Staghound
Herding dogs;Sight Hounds;Herding dogs - Other;American Staghound Mix
Herding dogs;Sight Hounds;Herding dogs - Other;Azawakh
Herding dogs;Sight Hounds;Herding dogs - Other;Azawakh Mix
Herding dogs;Sight Hounds;Herding dogs - Other;Borzoi
Herding dogs;Sight Hounds;Herding dogs - Other;Borzoi Mix
Herding dogs;Sight Hounds;Herding dogs - Other;Czechoslovakian Wolfdog (Vlcák)
Herding dogs;Sight Hounds;Herding dogs - Other;Czechoslovakian Wolfdog (Vlcák) Mix
Herding dogs;Sight Hounds;Herding dogs - Other;Deerhound
Herding dogs;Sight Hounds;Herding dogs - Other;Deerhound Mix
Herding dogs;Sight Hounds;Herding dogs - Other;Greyhound
Herding dogs;Sight Hounds;Herding dogs - Other;Greyhound Mix
Herding dogs;Sight Hounds;Herding dogs - Other;Hungarian Kuvasz
Herding dogs;Sight Hounds;Herding dogs - Other;Hungarian Kuvasz Mix
Herding dogs;Sight Hounds;Herding dogs - Other;Ibizan Hound
Herding dogs;Sight Hounds;Herding dogs - Other;Ibizan Hound Mix
Herding dogs;Sight Hounds;Herding dogs - Other;Irish Wolfhound
Herding dogs;Sight Hounds;Herding dogs - Other;Irish Wolfhound Mix
Herding dogs;Sight Hounds;Herding dogs - Other;Italian Greyhound
Herding dogs;Sight Hounds;Herding dogs - Other;Italian Greyhound Mix
Herding dogs;Sight Hounds;Herding dogs - Other;Kuvasz
Herding dogs;Sight Hounds;Herding dogs - Other;Kuvasz Mix
Herding dogs;Sight Hounds;Herding dogs - Other;Lurcher
Herding dogs;Sight Hounds;Herding dogs - Other;Lurcher Mix
Herding dogs;Sight Hounds;Herding dogs - Other;Pharaoh Hound
Herding dogs;Sight Hounds;Herding dogs - Other;Pharaoh Hound Mix
Herding dogs;Sight Hounds;Herding dogs - Other;Saarlooswolfhond
Herding dogs;Sight Hounds;Herding dogs - Other;Saarlooswolfhond Mix
Herding dogs;Sight Hounds;Herding dogs - Other;Saluki
Herding dogs;Sight Hounds;Herding dogs - Other;Saluki Mix
Herding dogs;Sight Hounds;Herding dogs - Other;Scottish Deerhound
Herding dogs;Sight Hounds;Herding dogs - Other;Scottish Deerhound Mix
Herding dogs;Sight Hounds;Herding dogs - Other;Silken Windhound
Herding dogs;Sight Hounds;Herding dogs - Other;Silken Windhound Mix
Herding dogs;Sight Hounds;Herding dogs - Other;Sloughi
Herding dogs;Sight Hounds;Herding dogs - Other;Sloughi Mix
Herding dogs;Sight Hounds;Herding dogs - Other;Whippet
Herding dogs;Sight Hounds;Herding dogs - Other;Whippet Mix
Mastiff-Like;"""True"" Mastiffs";Mastiff-like Group 1;Alano Español
Mastiff-Like;"""True"" Mastiffs";Mastiff-like Group 1;Alano Español Mix
Mastiff-Like;"""True"" Mastiffs";Mastiff-like Group 1;American Mastiff
Mastiff-Like;"""True"" Mastiffs";Mastiff-like Group 1;American Mastiff Mix
Mastiff-Like;"""True"" Mastiffs";Mastiff-like Group 1;Anatolian Shepherd Dog
Mastiff-Like;"""True"" Mastiffs";Mastiff-like Group 1;Anatolian Shepherd Dog Mix
Mastiff-Like;"""True"" Mastiffs";Mastiff-like Group 1;Argentine Dogo
Mastiff-Like;"""True"" Mastiffs";Mastiff-like Group 1;Argentine Dogo Mix
Mastiff-Like;"""True"" Mastiffs";Mastiff-like Group 1;Boerboel
Mastiff-Like;"""True"" Mastiffs";Mastiff-like Group 1;Boerboel Mix
Mastiff-Like;"""True"" Mastiffs";Mastiff-like Group 1;Brazilian Fila
Mastiff-Like;"""True"" Mastiffs";Mastiff-like Group 1;Brazilian Fila Mix
Mastiff-Like;"""True"" Mastiffs";Mastiff-like Group 1;Bullmastiff
Mastiff-Like;"""True"" Mastiffs";Mastiff-like Group 1;Bullmastiff Mix
Mastiff-Like;"""True"" Mastiffs";Mastiff-like Group 1;Ca de Bou
Mastiff-Like;"""True"" Mastiffs";Mastiff-like Group 1;Ca de Bou Mix
Mastiff-Like;"""True"" Mastiffs";Mastiff-like Group 1;Canary Dog
Mastiff-Like;"""True"" Mastiffs";Mastiff-like Group 1;Canary Dog Mix
Mastiff-Like;"""True"" Mastiffs";Mastiff-like Group 1;Cane Corso
Mastiff-Like;"""True"" Mastiffs";Mastiff-like Group 1;Cane Corso Mix
Mastiff-Like;"""True"" Mastiffs";Mastiff-like Group 1;Dogo Argentino
Mastiff-Like;"""True"" Mastiffs";Mastiff-like Group 1;Dogo Argentino Mix
Mastiff-Like;"""True"" Mastiffs";Mastiff-like Group 1;Dogue De Bordeaux
Mastiff-Like;"""True"" Mastiffs";Mastiff-like Group 1;Dogue De Bordeaux Mix
Mastiff-Like;"""True"" Mastiffs";Mastiff-like Group 1;Dogue de Bordeaux
Mastiff-Like;"""True"" Mastiffs";Mastiff-like Group 1;Dogue de Bordeaux Mix
Mastiff-Like;"""True"" Mastiffs";Mastiff-like Group 1;English Mastiff
Mastiff-Like;"""True"" Mastiffs";Mastiff-like Group 1;English Mastiff Mix
Mastiff-Like;"""True"" Mastiffs";Mastiff-like Group 1;Fila Brasileiro
Mastiff-Like;"""True"" Mastiffs";Mastiff-like Group 1;Fila Brasileiro Mix
Mastiff-Like;"""True"" Mastiffs";Mastiff-like Group 1;French Mastiff
Mastiff-Like;"""True"" Mastiffs";Mastiff-like Group 1;French Mastiff Mix
Mastiff-Like;"""True"" Mastiffs";Mastiff-like Group 1;Kangal Dog
Mastiff-Like;"""True"" Mastiffs";Mastiff-like Group 1;Kangal Dog Mix
Mastiff-Like;"""True"" Mastiffs";Mastiff-like Group 1;Karabash
Mastiff-Like;"""True"" Mastiffs";Mastiff-like Group 1;Karabash Mix
Mastiff-Like;"""True"" Mastiffs";Mastiff-like Group 1;Mastiff
Mastiff-Like;"""True"" Mastiffs";Mastiff-like Group 1;Mastiff Mix
Mastiff-Like;"""True"" Mastiffs";Mastiff-like Group 1;Neapolitan Mastiff
Mastiff-Like;"""True"" Mastiffs";Mastiff-like Group 1;Neapolitan Mastiff Mix
Mastiff-Like;"""True"" Mastiffs";Mastiff-like Group 1;Nebolish Mastiff
Mastiff-Like;"""True"" Mastiffs";Mastiff-like Group 1;Nebolish Mastiff Mix
Mastiff-Like;"""True"" Mastiffs";Mastiff-like Group 1;Old English Mastiff
Mastiff-Like;"""True"" Mastiffs";Mastiff-like Group 1;Old English Mastiff Mix
Mastiff-Like;"""True"" Mastiffs";Mastiff-like Group 1;Perro de Presa Mallorquin
Mastiff-Like;"""True"" Mastiffs";Mastiff-like Group 1;Perro de Presa Mallorquin Mix
Mastiff-Like;"""True"" Mastiffs";Mastiff-like Group 1;Presa Canario
Mastiff-Like;"""True"" Mastiffs";Mastiff-like Group 1;Presa Canario Mix
Mastiff-Like;"""True"" Mastiffs";Mastiff-like Group 1;Perro de Presa Canario
Mastiff-Like;"""True"" Mastiffs";Mastiff-like Group 1;Perro de Presa Canario Mix
Mastiff-Like;"""True"" Mastiffs";Mastiff-like Group 1;Pyrenean Mastiff
Mastiff-Like;"""True"" Mastiffs";Mastiff-like Group 1;Pyrenean Mastiff Mix
Mastiff-Like;"""True"" Mastiffs";Mastiff-like Group 1;Spanish Mastiff
Mastiff-Like;"""True"" Mastiffs";Mastiff-like Group 1;Spanish Mastiff Mix
Mastiff-Like;"""True"" Mastiffs";Mastiff-like Group 1;Tosa Inu
Mastiff-Like;"""True"" Mastiffs";Mastiff-like Group 1;Tosa Inu Mix
Mastiff-Like;Bulldogs;Mastiff-like Group 1;American Bully
Mastiff-Like;Bulldogs;Mastiff-like Group 1;American Bully Mix
Mastiff-Like;Bulldogs;Mastiff-like Group 1;American Pit Bull Terrier
Mastiff-Like;Bulldogs;Mastiff-like Group 1;American Pit Bull Terrier Mix
Mastiff-Like;Bulldogs;Mastiff-like Group 1;American Pitbull Terrier
Mastiff-Like;Bulldogs;Mastiff-like Group 1;American Pitbull Terrier Mix
Mastiff-Like;Bulldogs;Mastiff-like Group 1;American Staffordshire Terrier
Mastiff-Like;Bulldogs;Mastiff-like Group 1;American Staffordshire Terrier Mix
Mastiff-Like;Bulldogs;Mastiff-like Group 1;Boston Terrier
Mastiff-Like;Bulldogs;Mastiff-like Group 1;Boston Terrier Mix
Mastiff-Like;Bulldogs;Mastiff-like Group 1;Boxer
Mastiff-Like;Bulldogs;Mastiff-like Group 1;Boxer Mix
Mastiff-Like;Bulldogs;Mastiff-like Group 1;Bull Terrier
Mastiff-Like;Bulldogs;Mastiff-like Group 1;Bull Terrier Mix
Mastiff-Like;Bulldogs;Mastiff-like Group 1;Bull Terrier - miniature
Mastiff-Like;Bulldogs;Mastiff-like Group 1;Bull Terrier - miniature Mix
Mastiff-Like;Bulldogs;Mastiff-like Group 1;Miniature Bull Terrier
Mastiff-Like;Bulldogs;Mastiff-like Group 1;Miniature Bull Terrier Mix
Mastiff-Like;Bulldogs;Mastiff-like Group 1;BullBoxer
Mastiff-Like;Bulldogs;Mastiff-like Group 1;BullBoxer Mix
Mastiff-Like;Bulldogs;Mastiff-like Group 1;Bulldog
Mastiff-Like;Bulldogs;Mastiff-like Group 1;Bulldog Mix
Mastiff-Like;Bulldogs;Mastiff-like Group 1;French Bulldog
Mastiff-Like;Bulldogs;Mastiff-like Group 1;French Bulldog Mix
Mastiff-Like;Bulldogs;Mastiff-like Group 1;Irish Staffordshire Bull Terrier
Mastiff-Like;Bulldogs;Mastiff-like Group 1;Irish Staffordshire Bull Terrier Mix
Mastiff-Like;Bulldogs;Mastiff-like Group 1;Pit Bull
Mastiff-Like;Bulldogs;Mastiff-like Group 1;Pit Bull Mix
Mastiff-Like;Bulldogs;Mastiff-like Group 1;Staffordshire Bull Terrier
Mastiff-Like;Bulldogs;Mastiff-like Group 1;Staffordshire Bull Terrier Mix
Mastiff-Like;Bulldogs;Mastiff-like Group 2;Alapaha Blue Blood Bulldog
Mastiff-Like;Bulldogs;Mastiff-like Group 2;Alapaha Blue Blood Bulldog Mix
Mastiff-Like;Bulldogs;Mastiff-like Group 2;American Bulldog
Mastiff-Like;Bulldogs;Mastiff-like Group 2;American Bulldog Mix
Mastiff-Like;Bulldogs;Mastiff-like Group 2;English Bulldog
Mastiff-Like;Bulldogs;Mastiff-like Group 2;English Bulldog Mix
Mastiff-Like;Bulldogs;Mastiff-like Group 2;Olde English Bulldogge
Mastiff-Like;Bulldogs;Mastiff-like Group 2;Olde English Bulldogge Mix
Mastiff-Like;Bulldogs;Mastiff-like Group 2;Old English Bulldogge
Mastiff-Like;Bulldogs;Mastiff-like Group 2;Old English Bulldogge Mix
Mastiff-Like;Bulldogs;Mastiff-like Group 2;Olde Victorian Bulldogge
Mastiff-Like;Bulldogs;Mastiff-like Group 2;Olde Victorian Bulldogge Mix
Mastiff-Like;Bulldogs;Mastiff-like Group 2;Spanish Bulldog
Mastiff-Like;Bulldogs;Mastiff-like Group 2;Spanish Bulldog Mix
Mastiff-Like;Bulldogs;Mastiff-like Group 2;Victorian Bulldog
Mastiff-Like;Bulldogs;Mastiff-like Group 2;Victorian Bulldog Mix
Mastiff-Like;Bulldogs;Mixed Other;Boxer Mix
Mastiff-Like;Similar to retrievers;Mastiff-like Group 1;Appenzell Mountain Dog
Mastiff-Like;Similar to retrievers;Mastiff-like Group 1;Appenzell Mountain Dog Mix
Mastiff-Like;Similar to retrievers;Mastiff-like Group 1;Appenzeller Sennenhund
Mastiff-Like;Similar to retrievers;Mastiff-like Group 1;Appenzeller Sennenhund Mix
Mastiff-Like;Similar to retrievers;Mastiff-like Group 1;Berger des Pyrenees
Mastiff-Like;Similar to retrievers;Mastiff-like Group 1;Berger des Pyrenees Mix
Mastiff-Like;Similar to retrievers;Mastiff-like Group 1;Bernese Mountain Dog
Mastiff-Like;Similar to retrievers;Mastiff-like Group 1;Bernese Mountain Dog Mix
Mastiff-Like;Similar to retrievers;Mastiff-like Group 1;Entlebucher Mountain Dog
Mastiff-Like;Similar to retrievers;Mastiff-like Group 1;Entlebucher Mountain Dog Mix
Mastiff-Like;Similar to retrievers;Mastiff-like Group 1;Estrela Mountain Dog
Mastiff-Like;Similar to retrievers;Mastiff-like Group 1;Estrela Mountain Dog Mix
Mastiff-Like;Similar to retrievers;Mastiff-like Group 1;Great Dane
Mastiff-Like;Similar to retrievers;Mastiff-like Group 1;Great Dane Mix
Mastiff-Like;Similar to retrievers;Mastiff-like Group 1;Great Pyrenean
Mastiff-Like;Similar to retrievers;Mastiff-like Group 1;Great Pyrenean Mix
Mastiff-Like;Similar to retrievers;Mastiff-like Group 1;Great Pyrenees
Mastiff-Like;Similar to retrievers;Mastiff-like Group 1;Great Pyrenees Mix
Mastiff-Like;Similar to retrievers;Mastiff-like Group 1;Greater Swiss Mountain Dog
Mastiff-Like;Similar to retrievers;Mastiff-like Group 1;Greater Swiss Mountain Dog Mix
Mastiff-Like;Similar to retrievers;Mastiff-like Group 1;Landseer
Mastiff-Like;Similar to retrievers;Mastiff-like Group 1;Landseer Mix
Mastiff-Like;Similar to retrievers;Mastiff-like Group 1;Leonberger
Mastiff-Like;Similar to retrievers;Mastiff-like Group 1;Leonberger Mix
Mastiff-Like;Similar to retrievers;Mastiff-like Group 1;Newfoundland
Mastiff-Like;Similar to retrievers;Mastiff-like Group 1;Newfoundland Mix
Mastiff-Like;Similar to retrievers;Mastiff-like Group 1;Pyrenean Mountain Dog
Mastiff-Like;Similar to retrievers;Mastiff-like Group 1;Pyrenean Mountain Dog Mix
Mastiff-Like;Similar to retrievers;Mastiff-like Group 1;Pyrenean Shepherd
Mastiff-Like;Similar to retrievers;Mastiff-like Group 1;Pyrenean Shepherd Mix
Mastiff-Like;Similar to retrievers;Mastiff-like Group 1;Rhodesian Ridgeback
Mastiff-Like;Similar to retrievers;Mastiff-like Group 1;Rhodesian Ridgeback Mix
Mastiff-Like;Similar to retrievers;Mastiff-like Group 1;Rottweiler
Mastiff-Like;Similar to retrievers;Mastiff-like Group 1;Rottweiler Mix
Mastiff-Like;Similar to retrievers;Mastiff-like Group 1;Saint Bernard
Mastiff-Like;Similar to retrievers;Mastiff-like Group 1;Saint Bernard Mix
Mastiff-Like;Similar to retrievers;Mastiff-like Group 1;St. Bernard
Mastiff-Like;Similar to retrievers;Mastiff-like Group 1;St. Bernard Mix
Mastiff-Like;Similar to retrievers;Mastiff-like Group 1;Stabyhoun (Stabij)
Mastiff-Like;Similar to retrievers;Mastiff-like Group 1;Stabyhoun (Stabij) Mix
Mastiff-Like;Similar to retrievers;Mastiff-like Group 1;Stabyhoun
Mastiff-Like;Similar to retrievers;Mastiff-like Group 1;Stabyhoun Mix
Mixed;Golden mix;Mixed Lab and Golden;Goldendoodle
Mixed;Golden mix;Mixed Lab and Golden;Goldendoodle Mix
Mixed;Golden mix;Mixed Lab and Golden;Mini Goldendoodle
Mixed;Golden mix;Mixed Lab and Golden;Mini Goldendoodle Mix
Mixed;Lab mix;Mixed Lab and Golden;Golden Labrador (hybrid)
Mixed;Lab mix;Mixed Lab and Golden;Golden Labrador (hybrid) Mix
Mixed;Lab mix;Mixed Lab and Golden;Labradoodle
Mixed;Lab mix;Mixed Lab and Golden;Labradoodle Mix
Mixed;Lab mix;Mixed Lab and Golden;labradoodle
Mixed;Lab mix;Mixed Lab and Golden;labradoodle Mix
Mixed;Lab mix;Mixed Other;Labrador Husky
Mixed;Lab mix;Mixed Other;Labrador Husky Mix
Mixed;Lab mix;Mixed Other;Labrador Mix
Mixed;Large;Mixed Large;Mixed Breed Large (71lb +)
Mixed;Medium;Mixed Medium;Mixed Breed Medium (23 - 70lb)
Mixed;Small;Mixed Small;Mixed Breed Small (0 - 14.9kg)
Mixed;Small;Mixed Medium;Mixed Breed Medium (15 - 29.9kg)
Mixed;Small;Mixed Large;Mixed Breed Large (30kg +)
Mixed;Other;Mixed Other;Mixed Breed
Mixed;Other;Mixed Other;Retriever Mix
Mixed;Small;Mixed Small;Mixed Breed Small ( up to 22lb )
Retriever;Golden;Golden;Golden Retriever
Retriever;Golden;Golden;Golden Retriever Mix
Retriever;Labs;Labs;Dalmatian
Retriever;Labs;Labs;Dalmatian Mix
Retriever;Labs;Labs;Irish Water Spaniel
Retriever;Labs;Labs;Irish Water Spaniel Mix
Retriever;Labs;Labs;Labrador Retriever
Retriever;Labs;Labs;Labrador Retriever Mix
Retriever;Labs;Labs;Labrador Retriever - Black
Retriever;Labs;Labs;Labrador Retriever - Black Mix
Retriever;Labs;Labs;Labrador Retriever - Chocolate
Retriever;Labs;Labs;Labrador Retriever - Chocolate Mix
Retriever;Labs;Labs;Labrador Retriever - Yellow
Retriever;Labs;Labs;Labrador Retriever - Yellow Mix
Retriever;Other;Labs;Chesapeake Bay Retriever
Retriever;Other;Labs;Chesapeake Bay Retriever Mix
Retriever;Other;Labs;Curly-Coated Retriever
Retriever;Other;Labs;Curly-Coated Retriever Mix
Retriever;Other;Labs;Flat-coated Retriever
Retriever;Other;Labs;Flat-coated Retriever Mix
Retriever;Other;Labs;Flat-Coated Retriever
Retriever;Other;Labs;Flat-Coated Retriever Mix
Scent Hounds;Dachshund;Dachshund;Dachshund
Scent Hounds;Dachshund;Dachshund;Dachshund Mix
Scent Hounds;Dachshund;Dachshund;Dachshund - long haired
Scent Hounds;Dachshund;Dachshund;Dachshund - long haired Mix
Scent Hounds;Dachshund;Dachshund;Dachshund - smooth coat
Scent Hounds;Dachshund;Dachshund;Dachshund - smooth coat Mix
Scent Hounds;Dachshund;Dachshund;Dachshund - wire haired
Scent Hounds;Dachshund;Dachshund;Dachshund - wire haired Mix
Scent Hounds;Dachshund;Dachshund;Dachshund miniature - long haired
Scent Hounds;Dachshund;Dachshund;Dachshund miniature - long haired Mix
Scent Hounds;Dachshund;Dachshund;Dachshund miniature - smooth coat
Scent Hounds;Dachshund;Dachshund;Dachshund miniature - smooth coat Mix
Scent Hounds;Dachshund;Dachshund;Dachshund miniature - wire haired
Scent Hounds;Dachshund;Dachshund;Dachshund miniature - wire haired Mix
Scent Hounds;Dachshund;Dachshund;Miniature Dachshund
Scent Hounds;Dachshund;Dachshund;Miniature Dachshund Mix
Scent Hounds;Hound;Hound;Alpine Dachsbracke
Scent Hounds;Hound;Hound;Alpine Dachsbracke Mix
Scent Hounds;Hound;Hound;American Foxhound
Scent Hounds;Hound;Hound;American Foxhound Mix
Scent Hounds;Hound;Hound;Ariegoeis
Scent Hounds;Hound;Hound;Ariegoeis Mix
Scent Hounds;Hound;Hound;Austrian Brandlbracke
Scent Hounds;Hound;Hound;Austrian Brandlbracke Mix
Scent Hounds;Hound;Hound;Basset Artesian Normand
Scent Hounds;Hound;Hound;Basset Artesian Normand Mix
Scent Hounds;Hound;Hound;Basset Bleu De Gascogne
Scent Hounds;Hound;Hound;Basset Bleu De Gascogne Mix
Scent Hounds;Hound;Hound;Basset Fauve De Bretagne
Scent Hounds;Hound;Hound;Basset Fauve De Bretagne Mix
Scent Hounds;Hound;Hound;Basset Fauve de Bretagne
Scent Hounds;Hound;Hound;Basset Fauve de Bretagne Mix
Scent Hounds;Hound;Hound;Basset Hound
Scent Hounds;Hound;Hound;Basset Hound Mix
Scent Hounds;Hound;Hound;Beagle
Scent Hounds;Hound;Hound;Beagle Mix
Scent Hounds;Hound;Hound;Bloodhound
Scent Hounds;Hound;Hound;Bloodhound Mix
Scent Hounds;Hound;Hound;Bluetick Coonhound
Scent Hounds;Hound;Hound;Bluetick Coonhound Mix
Scent Hounds;Hound;Hound;Bosnian Coarse Haired Hound
Scent Hounds;Hound;Hound;Bosnian Coarse Haired Hound Mix
Scent Hounds;Hound;Hound;Briquet Griffon Vendeen
Scent Hounds;Hound;Hound;Briquet Griffon Vendeen Mix
Scent Hounds;Hound;Hound;Catahoula Leopard Dog
Scent Hounds;Hound;Hound;Catahoula Leopard Dog Mix
Scent Hounds;Hound;Hound;Chien D' Artois
Scent Hounds;Hound;Hound;Chien D' Artois Mix
Scent Hounds;Hound;Hound;Cirneco dell'Etna
Scent Hounds;Hound;Hound;Cirneco dell'Etna Mix
Scent Hounds;Hound;Hound;Cirneco Dell'Etna
Scent Hounds;Hound;Hound;Cirneco Dell'Etna Mix
Scent Hounds;Hound;Hound;Coonhound - black and tan
Scent Hounds;Hound;Hound;Coonhound - black and tan Mix
Scent Hounds;Hound;Hound;Black and Tan Coonhound
Scent Hounds;Hound;Hound;Black and Tan Coonhound Mix
Scent Hounds;Hound;Hound;Coonhound - blue tick
Scent Hounds;Hound;Hound;Coonhound - blue tick Mix
Scent Hounds;Hound;Hound;Coonhound - red bone
Scent Hounds;Hound;Hound;Coonhound - red bone Mix
Scent Hounds;Hound;Hound;Redbone Coonhound
Scent Hounds;Hound;Hound;Redbone Coonhound Mix
Scent Hounds;Hound;Hound;Elkhound
Scent Hounds;Hound;Hound;Elkhound Mix
Scent Hounds;Hound;Hound;English Coonhound
Scent Hounds;Hound;Hound;English Coonhound Mix
Scent Hounds;Hound;Hound;American English Coonhound
Scent Hounds;Hound;Hound;American English Coonhound Mix
Scent Hounds;Hound;Hound;English Foxhound
Scent Hounds;Hound;Hound;English Foxhound Mix
Scent Hounds;Hound;Hound;Finnish Hound
Scent Hounds;Hound;Hound;Finnish Hound Mix
Scent Hounds;Hound;Hound;Fox Hound
Scent Hounds;Hound;Hound;Fox Hound Mix
Scent Hounds;Hound;Hound;Gazelle Hound
Scent Hounds;Hound;Hound;Gazelle Hound Mix
Scent Hounds;Hound;Hound;Grand Basset Griffon Vendeen
Scent Hounds;Hound;Hound;Grand Basset Griffon Vendeen Mix
Scent Hounds;Hound;Hound;Griffon Bruxellois
Scent Hounds;Hound;Hound;Griffon Bruxellois Mix
Scent Hounds;Hound;Hound;Harrier
Scent Hounds;Hound;Hound;Harrier Mix
Scent Hounds;Hound;Hound;Karelian Bear Dog
Scent Hounds;Hound;Hound;Karelian Bear Dog Mix
Scent Hounds;Hound;Hound;Louisiana Catahoula Leopard Dog
Scent Hounds;Hound;Hound;Louisiana Catahoula Leopard Dog Mix
Scent Hounds;Hound;Hound;Mountain Feist
Scent Hounds;Hound;Hound;Mountain Feist Mix
Scent Hounds;Hound;Hound;Otterhound
Scent Hounds;Hound;Hound;Otterhound Mix
Scent Hounds;Hound;Hound;Petit Basset Griffon Vendeen
Scent Hounds;Hound;Hound;Petit Basset Griffon Vendeen Mix
Scent Hounds;Hound;Hound;Plott Hound
Scent Hounds;Hound;Hound;Plott Hound Mix
Scent Hounds;Hound;Hound;Plott
Scent Hounds;Hound;Hound;Plott Mix
Scent Hounds;Hound;Hound;Porcelaine
Scent Hounds;Hound;Hound;Porcelaine Mix
Scent Hounds;Hound;Hound;Segugio Italiano
Scent Hounds;Hound;Hound;Segugio Italiano Mix
Scent Hounds;Hound;Hound;Staghound
Scent Hounds;Hound;Hound;Staghound Mix
Scent Hounds;Hound;Hound;Treeing Tennessee Brindle
Scent Hounds;Hound;Hound;Treeing Tennessee Brindle Mix
Scent Hounds;Hound;Hound;Treeing Walker Coonhound
Scent Hounds;Hound;Hound;Treeing Walker Coonhound Mix
Spaniels;Non-sport;Spaniels;American Cocker Spaniel
Spaniels;Non-sport;Spaniels;American Cocker Spaniel Mix
Spaniels;Non-sport;Spaniels;American Water Spaniel
Spaniels;Non-sport;Spaniels;American Water Spaniel Mix
Spaniels;Non-sport;Spaniels;Barbet
Spaniels;Non-sport;Spaniels;Barbet Mix
Spaniels;Non-sport;Spaniels;Boykin Spaniel
Spaniels;Non-sport;Spaniels;Boykin Spaniel Mix
Spaniels;Non-sport;Spaniels;Brittany
Spaniels;Non-sport;Spaniels;Brittany Mix
Spaniels;Non-sport;Spaniels;Cavalier King Charles Spaniel
Spaniels;Non-sport;Spaniels;Cavalier King Charles Spaniel Mix
Spaniels;Non-sport;Spaniels;Clumber Spaniel
Spaniels;Non-sport;Spaniels;Clumber Spaniel Mix
Spaniels;Non-sport;Spaniels;Cockapoo
Spaniels;Non-sport;Spaniels;Cockapoo Mix
Spaniels;Non-sport;Spaniels;Cocker Spaniel
Spaniels;Non-sport;Spaniels;Cocker Spaniel Mix
Spaniels;Non-sport;Spaniels;Cocker Spaniel Miniature
Spaniels;Non-sport;Spaniels;Cocker Spaniel Miniature Mix
Spaniels;Non-sport;Spaniels;Deutscher Wachtelhund
Spaniels;Non-sport;Spaniels;Deutscher Wachtelhund Mix
Spaniels;Non-sport;Spaniels;English Cocker Spaniel
Spaniels;Non-sport;Spaniels;English Cocker Spaniel Mix
Spaniels;Non-sport;Spaniels;English Springer Spaniel
Spaniels;Non-sport;Spaniels;English Springer Spaniel Mix
Spaniels;Non-sport;Spaniels;English Toy Spaniel
Spaniels;Non-sport;Spaniels;English Toy Spaniel Mix
Spaniels;Non-sport;Spaniels;Field Spaniel
Spaniels;Non-sport;Spaniels;Field Spaniel Mix
Spaniels;Non-sport;Spaniels;French Spaniel
Spaniels;Non-sport;Spaniels;French Spaniel Mix
Spaniels;Non-sport;Spaniels;King Charles Spaniel
Spaniels;Non-sport;Spaniels;King Charles Spaniel Mix
Spaniels;Non-sport;Spaniels;Lagotto Romagnolo
Spaniels;Non-sport;Spaniels;Lagotto Romagnolo Mix
Spaniels;Non-sport;Spaniels;Spaniel Mix
Spaniels;Non-sport;Spaniels;Sussex Spaniel
Spaniels;Non-sport;Spaniels;Sussex Spaniel Mix
Spaniels;Non-sport;Spaniels;Welsh Springer Spaniel
Spaniels;Non-sport;Spaniels;Welsh Springer Spaniel Mix
Spaniels;Pointer;Spaniels;Bracco Italiano
Spaniels;Pointer;Spaniels;Bracco Italiano Mix
Spaniels;Pointer;Spaniels;Braque d Auvergne
Spaniels;Pointer;Spaniels;Braque d Auvergne Mix
Spaniels;Pointer;Spaniels;Braque du Bourbonnais
Spaniels;Pointer;Spaniels;Braque du Bourbonnais Mix
Spaniels;Pointer;Spaniels;Braque Fran√ßais
Spaniels;Pointer;Spaniels;Braque Fran√ßais Mix
Spaniels;Pointer;Spaniels;Cesky Fousek
Spaniels;Pointer;Spaniels;Cesky Fousek Mix
Spaniels;Pointer;Spaniels;Deutsch Drahthaar
Spaniels;Pointer;Spaniels;Deutsch Drahthaar Mix
Spaniels;Pointer;Spaniels;English Pointer
Spaniels;Pointer;Spaniels;English Pointer Mix
Spaniels;Pointer;Spaniels;German Longhaired Pointer
Spaniels;Pointer;Spaniels;German Longhaired Pointer Mix
Spaniels;Pointer;Spaniels;German Shorthaired Pointer
Spaniels;Pointer;Spaniels;German Shorthaired Pointer Mix
Spaniels;Pointer;Spaniels;German Wirehaired Pointer
Spaniels;Pointer;Spaniels;German Wirehaired Pointer Mix
Spaniels;Pointer;Spaniels;Large Münsterländer
Spaniels;Pointer;Spaniels;Large Münsterländer Mix
Spaniels;Pointer;Spaniels;Pointer
Spaniels;Pointer;Spaniels;Pointer Mix
Spaniels;Pointer;Spaniels;Portuguese Pointer
Spaniels;Pointer;Spaniels;Portuguese Pointer Mix
Spaniels;Pointer;Spaniels;Pudelpointer
Spaniels;Pointer;Spaniels;Pudelpointer Mix
Spaniels;Pointer;Spaniels;Small Münsterländer
Spaniels;Pointer;Spaniels;Small Münsterländer Mix
Spaniels;Pointer;Spaniels;Small Musterlander Pointer
Spaniels;Pointer;Spaniels;Small Musterlander Pointer Mix
Spaniels;Pointer;Spaniels;Spinone italiano
Spaniels;Pointer;Spaniels;Spinone italiano Mix
Spaniels;Pointer;Spaniels;Spinone Italiano
Spaniels;Pointer;Spaniels;Spinone Italiano Mix
Spaniels;Pointer;Spaniels;Wirehaired Pointing Griffon
Spaniels;Pointer;Spaniels;Wirehaired Pointing Griffon Mix
Spaniels;Setter;Spaniels;English Setter
Spaniels;Setter;Spaniels;English Setter Mix
Spaniels;Setter;Spaniels;Gordon Setter
Spaniels;Setter;Spaniels;Gordon Setter Mix
Spaniels;Setter;Spaniels;Irish Red and White Setter
Spaniels;Setter;Spaniels;Irish Red and White Setter Mix
Spaniels;Setter;Spaniels;Irish Setter
Spaniels;Setter;Spaniels;Irish Setter Mix
Spaniels;Setter;Spaniels;Llewellin Setter
Spaniels;Setter;Spaniels;Llewellin Setter Mix
Spaniels;Sporting;Spaniels;Hungarian Vizsla
Spaniels;Sporting;Spaniels;Hungarian Vizsla Mix
Spaniels;Sporting;Spaniels;Hungarian Wire Haired Vizsla
Spaniels;Sporting;Spaniels;Hungarian Wire Haired Vizsla Mix
Spaniels;Sporting;Spaniels;Kooikerhondje
Spaniels;Sporting;Spaniels;Kooikerhondje Mix
Spaniels;Sporting;Spaniels;Nederlandse Kooikerhondje
Spaniels;Sporting;Spaniels;Nederlandse Kooikerhondje Mix
Spaniels;Sporting;Spaniels;Thai Ridgeback
Spaniels;Sporting;Spaniels;Thai Ridgeback Mix
Spaniels;Sporting;Spaniels;Vizsla
Spaniels;Sporting;Spaniels;Vizsla Mix
Spaniels;Sporting;Spaniels;Weimaraner
Spaniels;Sporting;Spaniels;Weimaraner Mix
Spaniels;Sporting;Spaniels;Wirehaired Vizsla
Spaniels;Sporting;Spaniels;Wirehaired Vizsla Mix
Terriers;Large Terriers;Terriers;Airedale Mix
Terriers;Large Terriers;Terriers;Airedale Terrier
Terriers;Large Terriers;Terriers;Airedale Terrier Mix
Terriers;Large Terriers;Terriers;Black Russian Terrier
Terriers;Large Terriers;Terriers;Black Russian Terrier Mix
Terriers;Large Terriers;Terriers;Irish Terrier
Terriers;Large Terriers;Terriers;Irish Terrier Mix
Terriers;Large Terriers;Terriers;Kerry Blue Terrier
Terriers;Large Terriers;Terriers;Kerry Blue Terrier Mix
Terriers;Large Terriers;Terriers;Skye Terrier
Terriers;Large Terriers;Terriers;Skye Terrier Mix
Terriers;Large Terriers;Terriers;Soft Coated Wheaten Terrier
Terriers;Large Terriers;Terriers;Soft Coated Wheaten Terrier Mix
Terriers;Large Terriers;Terriers;Wheaten Terrier
Terriers;Large Terriers;Terriers;Wheaten Terrier Mix
Terriers;Small Terriers;Terriers;Affenpinscher
Terriers;Small Terriers;Terriers;Affenpinscher Mix
Terriers;Small Terriers;Terriers;American Hairless Terrier
Terriers;Small Terriers;Terriers;American Hairless Terrier Mix
Terriers;Small Terriers;Terriers;Australian Terrier
Terriers;Small Terriers;Terriers;Australian Terrier Mix
Terriers;Small Terriers;Terriers;Bedlington Terrier
Terriers;Small Terriers;Terriers;Bedlington Terrier Mix
Terriers;Small Terriers;Terriers;Biewer
Terriers;Small Terriers;Terriers;Biewer Mix
Terriers;Small Terriers;Terriers;Biewer Terrier
Terriers;Small Terriers;Terriers;Biewer Terrier Mix
Terriers;Small Terriers;Terriers;Border Terrier
Terriers;Small Terriers;Terriers;Border Terrier Mix
Terriers;Small Terriers;Terriers;Brazillian Terrier
Terriers;Small Terriers;Terriers;Brazillian Terrier Mix
Terriers;Small Terriers;Terriers;Cairn Terrier
Terriers;Small Terriers;Terriers;Cairn Terrier Mix
Terriers;Small Terriers;Terriers;Cesky Terrier
Terriers;Small Terriers;Terriers;Cesky Terrier Mix
Terriers;Small Terriers;Terriers;Dandie Dinmont Terrier
Terriers;Small Terriers;Terriers;Dandie Dinmont Terrier Mix
Terriers;Small Terriers;Terriers;Danish-Swedish Farmdog
Terriers;Small Terriers;Terriers;Danish-Swedish Farmdog Mix
Terriers;Small Terriers;Terriers;Doberman Pinscher
Terriers;Small Terriers;Terriers;Doberman Pinscher Mix
Terriers;Small Terriers;Terriers;Dutch Smoushond
Terriers;Small Terriers;Terriers;Dutch Smoushond Mix
Terriers;Small Terriers;Terriers;English Toy Terrier
Terriers;Small Terriers;Terriers;English Toy Terrier Mix
Terriers;Small Terriers;Terriers;Fell Terrier
Terriers;Small Terriers;Terriers;Fell Terrier Mix
Terriers;Small Terriers;Terriers;Fox Terrier
Terriers;Small Terriers;Terriers;Fox Terrier Mix
Terriers;Small Terriers;Terriers;Glen Of Imaal Terrier
Terriers;Small Terriers;Terriers;Glen Of Imaal Terrier Mix
Terriers;Small Terriers;Terriers;Glen of Imaal Terrier
Terriers;Small Terriers;Terriers;Glen of Imaal Terrier Mix
Terriers;Small Terriers;Terriers;Jack Russell Terrier
Terriers;Small Terriers;Terriers;Jack Russell Terrier Mix
Terriers;Small Terriers;Terriers;Lakeland Terrier
Terriers;Small Terriers;Terriers;Lakeland Terrier Mix
Terriers;Small Terriers;Terriers;Lucas Terrier
Terriers;Small Terriers;Terriers;Lucas Terrier Mix
Terriers;Small Terriers;Terriers;Manchester Terrier
Terriers;Small Terriers;Terriers;Manchester Terrier Mix
Terriers;Small Terriers;Terriers;Mexican Hairless Crested
Terriers;Small Terriers;Terriers;Mexican Hairless Crested Mix
Terriers;Small Terriers;Terriers;Mexican Hairless Dog
Terriers;Small Terriers;Terriers;Mexican Hairless Dog Mix
Terriers;Small Terriers;Terriers;Miniature Pinscher
Terriers;Small Terriers;Terriers;Miniature Pinscher Mix
Terriers;Small Terriers;Terriers;Nippon Terrier
Terriers;Small Terriers;Terriers;Nippon Terrier Mix
Terriers;Small Terriers;Terriers;Norfolk Terrier
Terriers;Small Terriers;Terriers;Norfolk Terrier Mix
Terriers;Small Terriers;Terriers;Norwegian Lundehund
Terriers;Small Terriers;Terriers;Norwegian Lundehund Mix
Terriers;Small Terriers;Terriers;Norwegian Lundhund
Terriers;Small Terriers;Terriers;Norwegian Lundhund Mix
Terriers;Small Terriers;Terriers;Norwich Terrier
Terriers;Small Terriers;Terriers;Norwich Terrier Mix
Terriers;Small Terriers;Terriers;Parson Jack Russell Terrier
Terriers;Small Terriers;Terriers;Parson Jack Russell Terrier Mix
Terriers;Small Terriers;Terriers;Parson Russell Terrier
Terriers;Small Terriers;Terriers;Parson Russell Terrier Mix
Terriers;Small Terriers;Terriers;Russell Terrier
Terriers;Small Terriers;Terriers;Russell Terrier Mix
Terriers;Small Terriers;Terriers;Patterdale Terrier
Terriers;Small Terriers;Terriers;Patterdale Terrier Mix
Terriers;Small Terriers;Terriers;Rat Terrier
Terriers;Small Terriers;Terriers;Rat Terrier Mix
Terriers;Small Terriers;Terriers;Teddy Roosevelt Terrier
Terriers;Small Terriers;Terriers;Teddy Roosevelt Terrier Mix
Terriers;Small Terriers;Terriers;Scottish Terrier
Terriers;Small Terriers;Terriers;Scottish Terrier Mix
Terriers;Small Terriers;Terriers;Sealyham Terrier
Terriers;Small Terriers;Terriers;Sealyham Terrier Mix
Terriers;Small Terriers;Terriers;Silky Terrier
Terriers;Small Terriers;Terriers;Silky Terrier Mix
Terriers;Small Terriers;Terriers;Smooth Fox Terrier
Terriers;Small Terriers;Terriers;Smooth Fox Terrier Mix
Terriers;Small Terriers;Terriers;Terrier Mix
Terriers;Small Terriers;Terriers;Toy Fox Terrier
Terriers;Small Terriers;Terriers;Toy Fox Terrier Mix
Terriers;Small Terriers;Terriers;Toy Terrier
Terriers;Small Terriers;Terriers;Toy Terrier Mix
Terriers;Small Terriers;Terriers;Welsh Terrier
Terriers;Small Terriers;Terriers;Welsh Terrier Mix
Terriers;Small Terriers;Terriers;West Highland White Terrier
Terriers;Small Terriers;Terriers;West Highland White Terrier Mix
Terriers;Small Terriers;Terriers;Wirehaired Fox Terrier
Terriers;Small Terriers;Terriers;Wirehaired Fox Terrier Mix
Terriers;Small Terriers;Terriers;Wire Fox Terrier
Terriers;Small Terriers;Terriers;Wire Fox Terrier Mix
Terriers;Small Terriers;Terriers;Xoloitzcuintli - Mexican Hairless Dog
Terriers;Small Terriers;Terriers;Xoloitzcuintli - Mexican Hairless Dog Mix
Terriers;Small Terriers;Terriers;Xoloitzcuintli
Terriers;Small Terriers;Terriers;Xoloitzcuintli Mix
Terriers;Small Terriers;Terriers;Yorkie-Poo
Terriers;Small Terriers;Terriers;Yorkie-Poo Mix
Terriers;Small Terriers;Terriers;Yorkshire Terrier
Terriers;Small Terriers;Terriers;Yorkshire Terrier Mix
Toy dogs;Chihuahua;Chihuahua;Chihuahua
Toy dogs;Chihuahua;Chihuahua;Chihuahua Mix
Toy dogs;Chihuahua;Chihuahua;Chihuahua long-haired
Toy dogs;Chihuahua;Chihuahua;Chihuahua long-haired Mix
Toy dogs;Maltese;Toy - Other;Kyi-Leo
Toy dogs;Maltese;Toy - Other;Kyi-Leo Mix
Toy dogs;Maltese;Toy - Other;Malt-A-Poo
Toy dogs;Maltese;Toy - Other;Malt-A-Poo Mix
Toy dogs;Maltese;Toy - Other;Maltese
Toy dogs;Maltese;Toy - Other;Maltese Mix
Toy dogs;Shih Tzu;Toy - Other;Chinese Imperial
Toy dogs;Shih Tzu;Toy - Other;Chinese Imperial Mix
Toy dogs;Shih Tzu;Toy - Other;Shih Tzu
Toy dogs;Shih Tzu;Toy - Other;Shih Tzu Mix
Toy dogs;Toy - Other;Toy - Other;American Bullnese
Toy dogs;Toy - Other;Toy - Other;American Bullnese Mix
Toy dogs;Toy - Other;Toy - Other;American Lo-Sze Pugg
Toy dogs;Toy - Other;Toy - Other;American Lo-Sze Pugg Mix
Toy dogs;Toy - Other;Toy - Other;Bichon Frise
Toy dogs;Toy - Other;Toy - Other;Bichon Frise Mix
Toy dogs;Toy - Other;Toy - Other;Bolognese
Toy dogs;Toy - Other;Toy - Other;Bolognese Mix
Toy dogs;Toy - Other;Toy - Other;Bolonka
Toy dogs;Toy - Other;Toy - Other;Bolonka Mix
Toy dogs;Toy - Other;Toy - Other;Brussels Griffon
Toy dogs;Toy - Other;Toy - Other;Brussels Griffon Mix
Toy dogs;Toy - Other;Toy - Other;Carolina Dog
Toy dogs;Toy - Other;Toy - Other;Carolina Dog Mix
Toy dogs;Toy - Other;Toy - Other;Cavachon
Toy dogs;Toy - Other;Toy - Other;Cavachon Mix
Toy dogs;Toy - Other;Toy - Other;Chinese Crested Dog
Toy dogs;Toy - Other;Toy - Other;Chinese Crested Dog Mix
Toy dogs;Toy - Other;Toy - Other;Chinese Crested
Toy dogs;Toy - Other;Toy - Other;Chinese Crested Mix
Toy dogs;Toy - Other;Toy - Other;Chinese Crested Hairless
Toy dogs;Toy - Other;Toy - Other;Chinese Crested Hairless Mix
Toy dogs;Toy - Other;Toy - Other;Chinese Crested Powder Puff
Toy dogs;Toy - Other;Toy - Other;Chinese Crested Powder Puff Mix
Toy dogs;Toy - Other;Toy - Other;Chinese Foo
Toy dogs;Toy - Other;Toy - Other;Chinese Foo Mix
Toy dogs;Toy - Other;Toy - Other;Giant Schnauzer
Toy dogs;Toy - Other;Toy - Other;Giant Schnauzer Mix
Toy dogs;Toy - Other;Toy - Other;Havanese
Toy dogs;Toy - Other;Toy - Other;Havanese Mix
Toy dogs;Toy - Other;Toy - Other;Inca Orchid
Toy dogs;Toy - Other;Toy - Other;Inca Orchid Mix
Toy dogs;Toy - Other;Toy - Other;Japanese Chin
Toy dogs;Toy - Other;Toy - Other;Japanese Chin Mix
Toy dogs;Toy - Other;Toy - Other;Löwchen
Toy dogs;Toy - Other;Toy - Other;Löwchen Mix
Toy dogs;Toy - Other;Toy - Other;Lhasa Apso
Toy dogs;Toy - Other;Toy - Other;Lhasa Apso Mix
Toy dogs;Toy - Other;Toy - Other;Miki
Toy dogs;Toy - Other;Toy - Other;Miki Mix
Toy dogs;Toy - Other;Toy - Other;Miniature Schnauzer
Toy dogs;Toy - Other;Toy - Other;Miniature Schnauzer Mix
Toy dogs;Toy - Other;Toy - Other;Papillon
Toy dogs;Toy - Other;Toy - Other;Papillon Mix
Toy dogs;Toy - Other;Toy - Other;Peek-a-poo
Toy dogs;Toy - Other;Toy - Other;Peek-a-poo Mix
Toy dogs;Toy - Other;Toy - Other;Pekingese
Toy dogs;Toy - Other;Toy - Other;Pekingese Mix
Toy dogs;Toy - Other;Toy - Other;Peruvian Inca Orchid
Toy dogs;Toy - Other;Toy - Other;Peruvian Inca Orchid Mix
Toy dogs;Toy - Other;Toy - Other;Petit Brabançon
Toy dogs;Toy - Other;Toy - Other;Petit Brabançon Mix
Toy dogs;Toy - Other;Toy - Other;Portuguese Podengo
Toy dogs;Toy - Other;Toy - Other;Portuguese Podengo Mix
Toy dogs;Toy - Other;Toy - Other;Portuguese Podengo Pequeno
Toy dogs;Toy - Other;Toy - Other;Portuguese Podengo Pequeno Mix
Toy dogs;Toy - Other;Toy - Other;Pug
Toy dogs;Toy - Other;Toy - Other;Pug Mix
Toy dogs;Toy - Other;Toy - Other;Puggle
Toy dogs;Toy - Other;Toy - Other;Puggle Mix
Toy dogs;Toy - Other;Toy - Other;Schipperke
Toy dogs;Toy - Other;Toy - Other;Schipperke Mix
Toy dogs;Toy - Other;Toy - Other;Schnauzer
Toy dogs;Toy - Other;Toy - Other;Schnauzer Mix
Toy dogs;Toy - Other;Toy - Other;Schnauzer - giant
Toy dogs;Toy - Other;Toy - Other;Schnauzer - giant Mix
Toy dogs;Toy - Other;Toy - Other;Schnauzer - miniature
Toy dogs;Toy - Other;Toy - Other;Schnauzer - miniature Mix
Toy dogs;Toy - Other;Toy - Other;Schnauzer - standard
Toy dogs;Toy - Other;Toy - Other;Schnauzer - standard Mix
Toy dogs;Toy - Other;Toy - Other;Standard Schnauzer
Toy dogs;Toy - Other;Toy - Other;Standard Schnauzer Mix
Toy dogs;Toy - Other;Toy - Other;Tibetan Spaniel
Toy dogs;Toy - Other;Toy - Other;Tibetan Spaniel Mix
Toy dogs;Toy - Other;Toy - Other;Tibetan Terrier
Toy dogs;Toy - Other;Toy - Other;Tibetan Terrier Mix
Working dogs;Non-sport;Mixed Small;Poodle Mix
Working dogs;Non-sport;Working dogs - Non-sport;Miniature Poodle
Working dogs;Non-sport;Working dogs - Non-sport;Miniature Poodle Mix
Working dogs;Non-sport;Working dogs - Non-sport;Poodle
Working dogs;Non-sport;Working dogs - Non-sport;Poodle Mix
Working dogs;Non-sport;Working dogs - Non-sport;Poodle - Giant
Working dogs;Non-sport;Working dogs - Non-sport;Poodle - Giant Mix
Working dogs;Non-sport;Working dogs - Non-sport;Poodle - Miniature
Working dogs;Non-sport;Working dogs - Non-sport;Poodle - Miniature Mix
Working dogs;Non-sport;Working dogs - Non-sport;Poodle - Standard
Working dogs;Non-sport;Working dogs - Non-sport;Poodle - Standard Mix
Working dogs;Non-sport;Working dogs - Non-sport;Poodle - Teacup
Working dogs;Non-sport;Working dogs - Non-sport;Poodle - Teacup Mix
Working dogs;Non-sport;Working dogs - Non-sport;Poodle - Toy
Working dogs;Non-sport;Working dogs - Non-sport;Poodle - Toy Mix
Working dogs;Non-sport;Working dogs - Non-sport;Poodle (Toy)
Working dogs;Non-sport;Working dogs - Non-sport;Poodle (Toy) Mix
Working dogs;Non-sport;Working dogs - Non-sport;Portuguese Water Dog
Working dogs;Non-sport;Working dogs - Non-sport;Portuguese Water Dog Mix
Working dogs;Non-sport;Working dogs - Non-sport;Spanish Water Dog
Working dogs;Non-sport;Working dogs - Non-sport;Spanish Water Dog Mix
Working dogs;Other;Shepherd;Black Mouth Cur
Working dogs;Other;Shepherd;Black Mouth Cur Mix
Working dogs;Other;Shepherd;Mountain Cur
Working dogs;Other;Shepherd;Mountain Cur Mix
Working dogs;Other;Shepherd;Schnoodle
Working dogs;Other;Shepherd;Schnoodle Mix
Working dogs;Shepherd;Shepherd;Alsatian
Working dogs;Shepherd;Shepherd;Alsatian Mix
Working dogs;Shepherd;Shepherd;American Tundra Shepherd
Working dogs;Shepherd;Shepherd;American Tundra Shepherd Mix
Working dogs;Shepherd;Shepherd;Belgian Shepherd Groenendael
Working dogs;Shepherd;Shepherd;Belgian Shepherd Groenendael Mix
Working dogs;Shepherd;Shepherd;Belgian Shepherd Laekenois
Working dogs;Shepherd;Shepherd;Belgian Shepherd Laekenois Mix
Working dogs;Shepherd;Shepherd;Belgian Laekenois
Working dogs;Shepherd;Shepherd;Belgian Laekenois Mix
Working dogs;Shepherd;Shepherd;Belgian Shepherd Malinois
Working dogs;Shepherd;Shepherd;Belgian Shepherd Malinois Mix
Working dogs;Shepherd;Shepherd;Belgian Malinois
Working dogs;Shepherd;Shepherd;Belgian Malinois Mix
Working dogs;Shepherd;Shepherd;Belgian Shepherd
Working dogs;Shepherd;Shepherd;Belgian Sheepdog
Working dogs;Shepherd;Shepherd;Belgian Shepherd Mix
Working dogs;Shepherd;Shepherd;Belgian Shepherd Tervuren
Working dogs;Shepherd;Shepherd;Belgian Shepherd Tervuren Mix
Working dogs;Shepherd;Shepherd;Belgian Tervuren
Working dogs;Shepherd;Shepherd;Belgian Tervuren Mix
Working dogs;Shepherd;Shepherd;Bergamasco
Working dogs;Shepherd;Shepherd;Bergamasco Mix
Working dogs;Shepherd;Shepherd;Berger Blanc Swiss
Working dogs;Shepherd;Shepherd;Berger Blanc Swiss Mix
Working dogs;Shepherd;Shepherd;Berger Blanc Suisse
Working dogs;Shepherd;Shepherd;Berger Blanc Suisse Mix
Working dogs;Shepherd;Shepherd;Berger Picard
Working dogs;Shepherd;Shepherd;Berger Picard Mix
Working dogs;Shepherd;Shepherd;Bouvier Des Flandres
Working dogs;Shepherd;Shepherd;Bouvier Des Flandres Mix
Working dogs;Shepherd;Shepherd;Bouvier des Flandres
Working dogs;Shepherd;Shepherd;Bouvier des Flandres Mix
Working dogs;Shepherd;Shepherd;Briard
Working dogs;Shepherd;Shepherd;Briard Mix
Working dogs;Shepherd;Shepherd;Chinook
Working dogs;Shepherd;Shepherd;Chinook Mix
Working dogs;Shepherd;Shepherd;German Pinscher
Working dogs;Shepherd;Shepherd;German Pinscher Mix
Working dogs;Shepherd;Shepherd;German Shepherd
Working dogs;Shepherd;Shepherd;German Shepherd Mix
Working dogs;Shepherd;Shepherd;German Shepherd Dog
Working dogs;Shepherd;Shepherd;German Shepherd Dog Mix
Working dogs;Shepherd;Shepherd;Hovawart
Working dogs;Shepherd;Shepherd;Hovawart Mix
Working dogs;Shepherd;Shepherd;Malinois
Working dogs;Shepherd;Shepherd;Malinois Mix
Working dogs;Shepherd - Other;Shepherd;American White Shepherd
Working dogs;Shepherd - Other;Shepherd;American White Shepherd Mix
Working dogs;Shepherd - Other;Shepherd;Beauceron
Working dogs;Shepherd - Other;Shepherd;Beauceron Mix
Working dogs;Shepherd - Other;Shepherd;Blue Lacy
Working dogs;Shepherd - Other;Shepherd;Blue Lacy Mix
Working dogs;Shepherd - Other;Shepherd;Blue Lacey
Working dogs;Shepherd - Other;Shepherd;Blue Lacey Mix
Working dogs;Shepherd - Other;Shepherd;Caucasian Ovtcharka
Working dogs;Shepherd - Other;Shepherd;Caucasian Ovtcharka Mix
Working dogs;Shepherd - Other;Shepherd;Caucasian Shepherd Dog
Working dogs;Shepherd - Other;Shepherd;Caucasian Shepherd Dog Mix
Working dogs;Shepherd - Other;Shepherd;Central Asian Ovtcharka
Working dogs;Shepherd - Other;Shepherd;Central Asian Ovtcharka Mix
Working dogs;Shepherd - Other;Shepherd;Central Asian Shepherd Dog
Working dogs;Shepherd - Other;Shepherd;Central Asian Shepherd Dog Mix
Working dogs;Shepherd - Other;Shepherd;Dutch Shepherd
Working dogs;Shepherd - Other;Shepherd;Dutch Shepherd Mix
Working dogs;Shepherd - Other;Shepherd;Groenendael
Working dogs;Shepherd - Other;Shepherd;Groenendael Mix
Working dogs;Shepherd - Other;Shepherd;King Shepherd
Working dogs;Shepherd - Other;Shepherd;King Shepherd Mix
Working dogs;Shepherd - Other;Shepherd;Sarplaninac
Working dogs;Shepherd - Other;Shepherd;Sarplaninac Mix
Working dogs;Shepherd - Other;Shepherd;Shiloh Shepherd
Working dogs;Shepherd - Other;Shepherd;Shiloh Shepherd Mix
Working dogs;Shepherd - Other;Shepherd;shiloh shepherd
Working dogs;Shepherd - Other;Shepherd;shiloh shepherd Mix
Working dogs;Shepherd - Other;Shepherd;Tervuren
Working dogs;Shepherd - Other;Shepherd;Tervuren Mix